<?xml version="1.0" encoding="UTF-8"?>
<!DOCTYPE suite SYSTEM "https://testng.org/testng-1.0.dtd">
<suite name="Suite">
	<test thread-count="5" name="Test">
		<classes>

			<class name="seleBasicsSiddhu.GetTextSample">
			<methods>
				<exclude name="g"/>
			</methods>
			</class>
			<class name="seleBasicsSiddhu.fileUpload">
				<!-- <methods> <exclude name="second" /> </methods> -->
			</class>
			<class name="seleBasicsSiddhu.GetTitleClass" />
		</classes>
	</test> <!-- Test -->
</suite> <!-- Suite -->

